Text_Lemmatized,Extra_Info
"['excited', 'hearts']",0
['stars'],0
"['actually', 'wanted', 'rating', 'reflect', 'vodafone', 'company', 'im', 'red', 'customer', 'plans', 'nothing', 'scam', 'get', 'customers', 'subscribe', 'leave', 'nothing', 'long', 'waited', 'gifts', 'represent', 'huge', 'disappointment', 'customers', 'addition', 'obvious', 'wasnt', 'planned', 'well', 'year', 'last', 'year', 'success', 'something', 'one', 'deny', 'however', 'year', 'wouldnt', 'recommend', 'vodafone', 'anyone']",1
['ga'],0
['disappointed'],0
"['great', 'app', 'useful']",0
"['bad', 'support', 'different', 'customer', 'support', 'answers']",1
"['love', 'vodafone']",0
['alaa'],0
['fair'],0
"['bad', 'update']",1
"['offers', 'doesnt', 'apply', 'dissappear', 'choose', 'honest']",1
['gamf'],0
['fab'],0
['helw'],0
"['good', 'vodaa', 'heart', 'eyes', 'heart', 'eyes']",0
"['every', 'time', 'try', 'charge', 'credit', 'cards', 'gives', 'contact', 'bank', 'feature', 'working']",1
['beautiful'],0
"['vodafone', 'sucks']",1
"['stubid', 'app']",0
['tman'],0
"['easy', 'use', 'smooth']",0
"['love', 'letter']",0
"['bad', 'mobile', 'internet', 'connection', 'speed', 'good', 'first', 'half', 'bundle', 'bad', 'connection', 'second', 'half']",1
['good'],0
"['app', 'working', 'update', 'latest', 'version']",1
"['stupid', 'app', 'couldnt', 'charge', 'bundle', 'credit', 'card', 'debit', 'card']",1
"['dsl', 'couldnt', 'paid', 'via', 'app', 'last', 'update']",1
['useful'],0
"['bad', 'update', 'even', 'cant', 'login']",1
"['yawning', 'face', 'ok', 'hand', 'hearts']",0
"['good', 'service']",0
['goog'],0
"['bad', 'one']",0
['like'],0
"['bad', 'service']",0
"['great', 'important', 'application']",0
"['helpful', 'app', 'made', 'life', 'easier']",0
"['new', 'moon', 'face']",0
"['bad', 'company']",1
"['good', 'app']",0
"['vodafone', 'ia', 'always', 'great']",0
"['great', 'app']",0
['good'],0
['exellent'],0
['yas'],0
"['best', 'heart']",0
"['app', 'improved', 'problem', 'fixed', 'eight', 'months']",1
"['nice', 'thumbsup']",0
"['first', 'quarter', 'moon', 'face', 'first', 'quarter', 'moon', 'face']",0
['good'],0
"['really', 'great', 'program']",0
['ff'],0
"['awesome', 'thumbsup']",0
"['bad', 'app', 'always', 'updated']",1
"['confusing', 'never', 'works']",1
"['great', 'app', 'issue', 'internet', 'connection', 'recharge', 'phone', '10', 'minutes', 'recharge', 'credit', 'detail', 'consumption', 'list', 'doesnt', 'record', 'money', 'disappeared', 'quickly']",1
"['zero', 'star', 'worst', 'useless', 'app', 'ive', 'ever', 'seen', 'wont', 'allow', 'pay', 'dsl', 'using', 'credit', 'card', 'one', 'year', 'im', 'trying', 'get', 'help', 'noncapable', 'support', 'agents', 'never', 'succeeded', 'discovering', 'issue', 'even', 'chat', 'link', 'never', 'working']",1
['thx'],0
"['perfect', 'app', 'sparkling', 'heart', 'features', 'couldnt', 'manage', 'app']",1
"['since', 'last', 'updated', 'working', 'wrong']",1
"['worst', 'application', 'bugs', 'customer', 'support', 'team', 'wouldnt', 'acknowledge', 'even', 'though', 'latest', 'version', 'installed', 'cost', '250', 'worth', 'internet', 'without', 'means', 'resolution']",1
['osam'],0
"['dsl', 'connection', 'app', 'stopped', 'working', 'annoying']",1
['ertyfgg'],0
"['beautiful', 'purple', 'heart']",0
"['like', 'cant', 'even', 'loginto', 'app']",1
['smooth'],0
"['download', '3', 'time', 'didnt', 'work', 'well', 'asked', 'customer', 'service', 'told', 'must', 'download', 'frown', 'sad', 'andry', 'pouting', 'still', 'problem']",1
"['incomplete', 'services', 'vodafone', 'cash', 'needs', 'vodafone', 'internet', 'data']",1
"['application', 'still', 'need', 'update', 'ask', 'several', 'times', 'update']",1
"['bad', 'take', 'money', 'moneybag', 'service', 'ill', 'change', 'company', 'soon']",1
"['best', 'app', 'evereasy', 'use', 'handy']",0
['fantastic'],0
['zz'],0
"['always', 'crashes']",1
"['keep', 'going', 'rise']",0
"['dsl', 'didnt', 'show', 'thing', '3', 'months', 'trying', 'fix', 'working', 'properly']",1
"['bundle', 'use', 'vodafone', 'cash', 'worst', 'thing', 'app', 'wish', 'could', 'use', 'wi', 'fi', 'easily', 'app']",1
['fine'],0
"['application', 'keeps', 'crashing', 'since', '3', 'days']",1
['relieved'],0
"['amazing', 'fast', 'hopefully', 'using']",0
"['best', 'application']",0
"['full', 'glitches', 'cant', 'track', 'dsl', 'consumption', 'recharge', 'app']",1
"['thumbsup', 'good']",0
"['bad', 'company', 'bad', 'application', 'nothing', 'working', 'well', 'especially', 'want', 'recharge', 'visa', 'card', 'offers', 'working']",1
"['vodafone', 'cash', 'service', 'crashes', 'regularly']",1
"['nice', 'application', 'paying', 'vodafone', 'bills', 'online', 'payments']",0
"['good', 'app', 'important', 'relaxed']",0
"['bad', 'network', 'app']",1
['gg'],0
"['app', 'getting', 'fixed']",1
"['good', 'pro']",0
"['doesnt', 'accept', 'commands']",1
['gg'],0
['b'],0
"['black', 'heart']",0
['enough'],0
"['excellent', 'application']",0
"['service', 'weak', 'performace', 'low', 'dont', 'expect', 'quick', 'response', 'needed']",1
"['professional', 'application']",0
"['difficult', 'pay', 'bill']",1
"['outstanding', 'easy', 'use']",0
['woow'],0
['working'],1
['helpful'],0
"['best', 'program', 'ever']",0
"['great', 'one']",0
['hk'],0
['top'],0
"['cant', 'open', 'app', 'stopped']",1
"['transaction', 'keeps', 'failing', 'days', 'app', 'fails', 'open']",1
"['dsl', 'dashboard', 'doesnt', 'displays', 'payment', 'doesnt', 'work']",1
"['know', 'level', 'service', 'reached', 'level', 'top', 'sadness', 'advise', 'anyone', 'use', 'download', 'submitted', 'complaint', 'one', 'responds', 'thank', 'vodafone', 'broken', 'heart', 'thumbsdown', 'thumbsdown', 'thumbsdown']",1
"['good', 'work']",0
"['edit2', 'provide', 'new', 'update', 'supposed', 'fixed', 'technical', 'issues', 'new', 'update', 'didnt', 'fix', 'anything', 'hopeless', 'useless', 'app', 'edit1sysyem', 'glitches', 'time', 'unfulfilled', 'promises', 'fixed', 'usual', 'worst', 'app', 'ever', 'lots', 'mistakes', 'errors', 'cost', 'alotand', 'one', 'really', 'care', 'reports', 'failures']",1
"['fav', 'app']",0
['bad'],0
"['force', 'stop', 'last', 'update']",1
['perfect'],0
"['really', 'good', 'internet', 'best', 'prices']",0
"['bug', 'solved']",1
"['offers', 'amazing', 'internet', 'wealthy', 'person', 'hahahaahahahaahabababahahahah']",0
"['take', 'longe', 'time', 'load', 'searching', 'goods', 'shop', 'wrong', 'internet', 'connection']",1
['hjj'],0
"['useful', 'helpful', 'thumbsup', 'thumbsup']",0
"['dart', 'dart', 'dart', 'dart', 'dart']",0
"['vodafone', 'thumbsup', 'thumbsup', 'heart']",0
"['good', 'thumbsup', 'emoji', 'modifier', 'fitzpatrick', 'type', '1', '2']",0
['exce'],0
['best'],0
"['good', 'blush', 'blush', 'blush']",0
"['need', 'internet', 'free']",0
"['app', 'working', 'last', 'update']",1
"['hot', 'face']",0
"['gifts', 'like', 'orange', 'app', 'issues', 'everywhere', 'application', 'developed', 'stole', 'money']",1
"['v', 'useful']",0
"['update', 'app']",1
"['useful', 'application']",0
"['login', 'app', 'update', 'please', 'consider', 'testing', 'release']",1
['bad'],0
['hang'],1
"['bad', 'balance', 'despite', 'one', 'help']",1
['useful'],0
"['fire', 'fire', 'fire', 'fire']",0
['gff'],0
['good'],0
"['every', 'time', 'login', 'banking', 'app']",1
"['credit', 'card', 'issues']",1
"['working', 'well', 'stops', 'automatically', 'action']",1
"['scam', 'company', 'bad', 'network', 'offers', 'good', 'ana', 'vodafone', 'app', 'monster']",1
"['offers', 'app', 'valid', 'customer', 'service', 'advised', 'use', 'codes', 'instead', 'app']",1
"['good', 'app']",0
"['aapap', 'good', 'save', 'wasting', 'time', 'call', 'center', 'team', 'something', 'needed', 'enhance', 'service', 'employees', 'cant', 'support', 'spot', 'says', 'problems', 'system', 'back', 'dont', 'follow', 'dont', 'back']",1
['excellent'],0
"['reversed', 'hand', 'middle', 'finger', 'extended']",0
['nic'],0
['good'],0
['waaw'],0
"['logs', 'reason', 'doesnt', 'wan', 'na', 'login', 'either', 'tho', 'reset', 'password', 'several', 'times', 'still', 'doesnt', 'wan', 'na', 'login', 'sucks']",1
"['thank', 'vodafones', 'good']",0
"['viewing', 'bill', 'working']",1
"['stay', 'logged', 'dont', 'want', 'put', 'password', 'evert', 'time', 'login', 'plz', 'help']",1
"['new', 'update', 'working', 'properly', 'keeps', 'rejecting', 'saved', 'password', 'working', 'wifi']",1
['high'],0
"['vidafone', 'cash', 'service', 'needs', 'improved', 'app', 'needs', 'autoupdate', 'instead', 'multiple', 'reminders', 'vodafone', 'cash', 'ser', 'ice', 'made', 'nfc', 'offer', 'options', 'user']",1
"['use', 'mobile', 'data', 'service', 'simply', 'rob', 'somehow', 'data', 'simply', 'vanishes', 'even', 'dont', 'use', 'constant', 'robbery', 'receive', 'massage', 'credit', '50', 'minutes', 'try', 'make', 'call', 'pathetic', 'voice', 'massage', 'comes', 'telling', 'credit', 'finished', 'call', 'customer', 'service', 'hang', 'worst', 'company', 'ever']",1
['thanks'],0
"['cant', 'open', 'wifi', 'roaming']",1
['sacks'],0
[],0
"['bad', 'applicationalways', 'make', 'problems']",0
"['works', 'finally']",0
"['worst', 'app', 'ever', 'cant', 'use', 'vodafone', 'cash', 'service', 'via', 'wifi', 'must', 'open', 'mobile', 'data', 'order', 'deduct', 'money', 'balance']",1
"['good', 'heart', 'clap']",0
"['bad', 'cant', 'check', 'dsl', 'balance', 'called', 'custoner', 'services', 'peraon', 'says', 'reinstall', 'end', 'day', 'nothing', 'happend']",1
"['would', 'great', 'see', 'details', 'credit']",1
"['needs', 'easier', 'open', 'wifi']",1
"['data', 'completely', 'zimbala']",1
"['slow', 'cant', 'find', 'balance', 'cash', 'wallet']",1
"['errors', 'occur', 'alot', 'never', 'consume', 'data', 'work', 'even', 'someone', 'hasnt', 'balance', 'one', 'use', 'recharge']",1
"['bad', 'company', 'bad', 'workers', 'worst', 'quality', 'ever', 'thieves']",1
"['bad', 'functionality']",1
"['good', 'program', 'good', 'company']",0
['heartpulse'],0
"['grin', 'grin', 'grin', 'grin', 'grin', 'grin', 'grin', 'grin', 'grin', 'grin', 'grin', 'grin', 'grin', 'grin', 'grin', 'grin', 'grin', 'grin', 'grin', 'grin', 'grin', 'grin', 'grin', 'grin', 'grin', 'grin', 'grin', 'grin']",0
['excellent'],0
"['sometimes', 'vodafone', 'cash', 'dont', 'work', 'properly']",1
"['helpful', 'application']",0
"['good', 'program']",0
"['always', 'problem', 'application', 'using', 'dsl', 'change', 'plan', 'also', 'chat', 'working', 'worst', 'service', 'ever', '2022']",1
['fgg'],0
"['good', 'vodafone']",0
"['bad', 'connection', 'couldnt', 'pay', 'bill']",1
"['best', 'application', 'ever']",0
"['good', 'wishing', 'progress', 'success', 'future']",0
"['worst', 'app', 'ever', 'face', 'vomiting', 'face', 'vomiting']",0
['ra23'],0
"['good', 'blush']",0
"['really', 'frustrating', 'get', 'new', 'bugs', 'every', 'update', 'keeps', 'telling', 'pending', 'request', 'every', 'time', 'try', 'recharge', 'balance']",1
"['worst', 'application', 'everuselessnothing', 'works']",1
"['rose', 'blue', 'heart']",0
"['games', 'work', 'vodafone', 'cash', '3g', 'change', 'plz']",1
"['top', '100']",0
"['cant', 'get', 'worse', 'needs', 'updated', 'smarter', 'disappointing', 'thing', 'reinstall', 'every', 'make', 'changes']",1
"['ana', 'vodafone', 'helps', 'alot', 'many', 'things', 'like', 'know', 'consumptions', 'bundle', 'much', 'money', 'problem', 'solving', 'tho', 'im', 'grateful', 'tham', 'im', 'using', 'app']",0
"['last', 'update', 'many', 'problems', 'appeared', 'black', 'list', 'functions', 'didnt', 'work', 'quite', 'well']",1
"['really', 'helping']",0
"['bad', 'lcant', 'long', 'account']",1
"['last', 'update', 'logged', 'cant', 'login']",1
['trash'],0
"['icant', 'perform', 'transactionslalways', 'receiveoops', 'something', 'went', 'wrongcall', 'back', 'bankmy', 'bank', 'assures', 'problem', 'credit', 'card']",1
"['good', 'app', 'thumbsup', 'keep', 'going']",0
"['herb', 'herb']",0
"['sim', 'account', 'working', 'vodafone', 'cash']",1
"['app', 'doesnt', 'download']",1
['liked'],0
"['contain', 'things', 'need']",0
"['successful', 'application']",0
"['maple', 'leaf', 'maple', 'leaf', 'maple', 'leaf']",0
"['bugs', 'better']",1
['tongue'],0
"['great', 'service']",0
"['amazing', 'application']",0
"['usefull', 'app']",0
"['worst', 'app', 'ever']",0
['poor'],0
"['nice', 'nice']",0
"['steal', 'flexes', 'every', 'moment', 'internet', 'slow', 'bad', 'log', 'account', 'saying', 'session', 'expired', '800', 'flexes', 'stole', 'thousand', '700', 'flexes', 'keep', 'stealing', 'unamused']",1
"['always', 'stop']",1
"['good', 'thank', 'vodafone']",0
['rr'],0
"['heart', 'sparkling', 'heart', 'sparkling', 'heart', 'sparkling', 'heart', 'sparkling', 'heart', 'sparkling', 'heart']",0
['gpod'],0
"['facility', 'service', 'data']",0
"['latest', 'updates', 'application', 'crashes', 'need', 'login', 'every', 'time', 'cant', 'login']",1
"['worest', 'app', 'ever', 'used', 'bugs', 'slow', 'everytime', 'need', 'sign', 'although', 'enter', 'right', 'password', 'say', 'wrong', 'open', 'pass']",1
"['nice', 'one']",0
"['excellent', 'applications', 'thumbsup']",0
"['easy', 'anything', 'needed', 'including', 'app']",0
"['use', 'new', 'update', 'use', 'allowing', 'users', 'use', 'application', 'access', 'invoices', 'access', 'payments', 'nothing']",1
"['application', 'works', 'coverage', 'smirk']",1
['slow'],0
"['app', 'crash', 'alot', 'last', 'update']",1
"['cant', 'add', 'new', 'cards', 'paying', 'cards', 'working', 'makes', 'unusual', 'errors', 'every', 'time']",1
['iove'],0
"['hard', 'navigate', 'find', 'needed', 'info']",1
"['easy', 'use', 'recharge', 'credit', 'card', 'active']",1
"['problem', 'ana', 'vodafone', 'working', 'also', 'cant', 'update', 'says', 'something', 'went', 'wrong']",1
['rich'],0
"['application', 'becomes', 'worse', 'every', 'time', 'open', 'asks', 'write', 'number', 'password', 'although', 'updated', '2', 'days', 'ago']",1
"['bad', 'bad', 'bad', 'dsl', 'dsl']",1
"['bad', 'app', 'bad', 'agent']",0
"['doesnt', 'open', 'asking', 'password', 'face', 'rolling', 'eyes', 'tells', 'oopstry', 'later']",1
['job'],0
"['extremely', 'nice']",0
"['bad', 'app']",0
['innocent'],0
"['perfect', 'program', 'easy']",0
"['bad', 'application']",0
"['smart', 'app', 'makes', 'easier', 'also', 'easy', 'use', 'useful', 'helpful', 'app']",0
['love'],0
['gr8'],0
"['cant', 'login', 'account', 'app', 'stopped']",1
"['working', 'cant', 'login']",1
"['everything', 'ok', 'application', 'want', 'explanation', 'every', 'bundle']",1
"['construction', 'worker', 'male', 'sign']",0
"['good', 'app']",0
"['easy', 'use']",0
['exx'],0
"['easy', '5', 'stars', 'app', 'full', 'useful', 'features', 'way', 'better', 'networks', 'apps', 'edit', 'latest', 'update', 'every', 'time', 'close', 'app', 'open', 'says', 'session', 'expired', 'locks', 'account', 'minute', 'relogin']",0
"['badit', 'couldnt', 'help']",0
['medium'],0
"['forget', 'password', 'function', 'isnt', 'working', 'doesnt', 'support', 'password', 'manager', 'autofill']",1
"['best', 'ever']",0
"['customer', 'service', 'became', 'much', 'better', 'still', 'need', 'updates', 'reform', 'problems']",1
['egg'],0
"['always', 'amassage', 'thier', 'amistak', 'try', 'money', 'transfer', 'work', 'perfect']",1
"['good', 'application']",0
"['bad', 'working', 'error', 'able', 'recharge', 'pay', 'bills', 'renew', 'dsl', 'bundles']",1
['bad'],0
"['muscle', 'hearts']",0
"['dsl', 'package', 'details', 'appearing', 'chat', 'totally', 'useless']",1
"['app', 'working', 'cant', 'login', 'account', 'issue', 'started', 'one', 'month', 'call', 'customer', 'service', 'contact', 'nearest', 'branch', 'chat', 'online', 'vain', 'lastly', 'account', 'malfunctioning', 'app', 'website']",1
"['every', 'couple', 'hrs', 'get', 'message', 'tells', 'session', 'expired', 'login', 'app', 'every', 'single', 'time', 'like', 'job', 'really', 'frustrating']",1
['goof'],0
"['bad', 'app', 'dsl', 'information', 'dosent', 'appears', 'every', 'time']",1
['bene'],0
"['nc', 'app']",0
"['perfect', 'application', 'thumbsup', 'thumbsup', 'thumbsup']",0
"['nice', 'app', 'good']",0
"['please', 'send', 'messages', 'english', 'cause', 'dont', 'read', 'arabic', 'thanks']",1
['yt'],0
"['application', 'basic', 'worst', 'customer', 'service', 'cant', 'even', 'reach', 'anyone', 'talk', 'chat']",1
"['raised', 'back', 'hand', 'thumbsup', 'thumbsup']",0
"['last', 'update', 'awful']",1
"['cant', 'login', 'password', 'numberit', 'says', 'invaild', 'also', 'cant', 'contact', 'ways']",1
['fuc'],0
['hgg'],0
"['broken', 'full', 'bugs', 'cant', 'login', 'keeps', 'telling', 'credentials', 'incorrect', 'account', 'locked']",1
"['amizing', 'really']",0
"['nice', 'think', 'needs', 'update', 'every', 'time', 'login', 'app', 'stop', 'working', 'error']",1
"['asks', 'password', 'every', 'time', 'open']",1
"['company', 'say', 'stealing', 'customers', 'credit', 'habit', 'one', 'time', 'hundreds', 'times', 'robbed', '7', 'gigabytes', 'sim', 'card', 'one', 'day', 'mobile', 'switched', '110', 'egp', 'credit']",1
"['last', 'vision', 'good']",0
"['cant', 'use', 'app', 'abroad', 'able', 'see', 'dsl', 'even', 'cant', 'check', 'vodafone', 'cash', 'balance', 'transfer', 'balance']",1
"['bad', 'application', 'every', 'time', 'try', 'chat', 'agent', 'dont', 'found', 'option', 'chat', 'humanbeing', 'chat', 'bot']",1
"['much', 'esiar']",0
"['star', 'star', 'star']",0
"['many', 'issues', 'unable', 'pay', 'gas', 'electricity', 'bills', 'days', 'error', 'message', 'sorry', 'oops', 'something', 'went', 'wrong', 'also', 'cant', 'make', 'card', 'wallet', 'transaction', 'alahly', 'bank', 'account']",1
"['useful', 'preform', 'thing', 'supposed']",1
"['good', 'applicationand', 'easy', 'use']",0
"['good', 'app']",0
['ok'],0
['wink'],0
"['gift', 'heart']",0
['l'],0
"['need', 'dark', 'mode', 'app']",1
['bugs'],1
"['application', 'shows', 'weird', 'different', 'information', 'account', 'correct', 'ironically']",1
"['working', 'last', 'update']",1
"['improved', 'lot', 'thanks', 'vodafone']",0
"['beautiful', 'heart', 'eyes']",0
['good'],0
"['effective', 'support']",0
"['helps', 'several', 'things', 'vodafone', 'cash']",0
['nice'],0
"['bad', 'application', 'way', 'behind', 'competitors', 'application', 'though', 'vodafone', 'leading', 'seems', 'recruiting', 'poor', 'quality', 'technicals', 'handling', 'development', 'maintenance', 'app', 'even', 'handling', 'customer', 'feedback', 'petty', 'massage', 'everyone', 'make', 'sure', 'u', 'downloaded', 'latest', 'version', 'yes', 'sir', 'downloaded', 'latest', 'version', 'hop', 'improvement']",0
"['good', 'company', 'app']",1
['low'],0
['gg'],0
"['purple', 'heart']",0
"['good', 'better']",0
"['thank', 'vodafone', 'heart', 'eyes', 'heart', 'eyes', 'heart', 'eyes', 'heart', 'eyes', 'heart', 'eyes', 'heart', 'eyes', 'heart', 'eyes']",0
"['application', 'working', 'since', 'latest', 'update', 'doesnt', 'sign', 'automatically', 'though', 'im', 'vf', 'mobile', 'data', 'blank', 'page', 'click', 'forget', 'password', 'dont', 'account', 'latest', 'update', 'full', 'bugs', 'cant', 'access', 'account']",1
['pensive'],0
['beautiful'],0
"['brilliant', 'application', 'helpful']",0
"['poor', 'application']",0
['thl'],0
"['good', '3', 'times']",0
['zeft'],0
"['brown', 'heart']",0
"['regional', 'indicator', 'e', 'regional', 'indicator', 'g', 'clap', 'clap']",0
"['bad', 'update', 'made', 'logout', 'login', 'crashes', 'every', 'time', 'want', 'login', 'customer', 'service', 'would', 'help']",1
"['supporting', 'customer']",0
"['rage', 'thumbsdown', 'emoji', 'modifier', 'fitzpatrick', 'type', '1', '2']",0
['dizzy'],0
"['since', 'latest', 'update', 'cannt', 'login', 'account']",1
"['bad', 'update', 'cant', 'use', 'app']",1
"['good', 'job', 'please', 'continue']",0
['smile'],0
"['pray', 'pray', 'pray']",0
"['cant', 'open', 'application', 'home', 'place', 'bad', 'connection']",1
"['useful', 'app', 'really', 'enjoyed']",0
"['smiling', 'face', 'hearts', 'heart']",0
"['poor', 'include', 'wrong', 'information', 'renewal', 'dates', 'also', 'cant', 'modify', 'undo', 'order']",1
['cool'],0
"['dove', 'peace', 'dove', 'peace', 'dove', 'peace']",0
"['lol', 'vodafone', 'no1', 'number', '1']",0
['pugs'],0
['angry'],0
"['neutral', 'face', 'zipper', 'mouth', 'face']",0
"['lot', 'errors']",1
['exl'],0
"['clear', 'relation', 'internet', 'bundles', 'ambiguous']",1
['ah'],0
"['great', 'app', 'made', 'many', 'things', 'much', 'easier', 'still', 'missing', 'features', 'muscle', 'muscle']",1
"['app', 'even', 'working', 'update', 'reinstalling', 'twice', 'working', 'wow', 'amazing', 'app', 'expressionless']",1
"['cant', 'add', 'remove', 'contact', 'white', 'list', 'download', 'last', 'version', 'log', 'ut', 'login', 'still', 'problem']",1
"['nu', '1']",0
['vg'],0
"['face', 'vomiting', 'face', 'vomiting', 'face', 'vomiting', 'face', 'vomiting', 'face', 'vomiting', 'face', 'vomiting', 'face', 'vomiting', 'face', 'vomiting', 'face', 'vomiting', 'face', 'vomiting']",0
"['vodafone', 'service', 'bad']",1
"['terrible', 'service']",0
['good'],0
['waw'],0
"['app', 'doesnt', 'show', 'informationdata', 'correctly']",1
"['working', 'anymore']",1
"['bad', 'pensive']",0
"['exactly', 'cool', 'app']",0
"['best', 'telecom', 'app', 'egypt']",0
['thx'],0
"['excellent', 'hearts']",0
"['every', 'time', 'want', 'add', 'contact', 'white', 'list', 'wait', 'app', 'load', 'whole', 'contacts', 'able', 'select', 'contact', 'want', 'please', 'find', 'way', 'easier', 'like', 'etisalat', 'app', 'face', 'rolling', 'eyes']",1
"['white', 'heart']",0
"['much', 'easy', 'much', 'comfort']",0
"['beautiful', 'program', 'heart', 'eyes']",0
"['bad', 'services']",0
"['always', 'need', 'data', 'connection', 'log', 'vodafone', 'wifi', 'even', 'vodafone', 'dsl']",1
"['app', 'horrible', 'full', 'bugs', 'crashes', 'maybe', 'u', 'guys', 'need', 'actual', 'computer', 'programmer', 'make']",1
['cry'],0
"['theres', 'problem', 'every', 'time', 'login']",1
"['worst', 'app', 'worst', 'service', 'provider']",0
"['good', 'relaxed', 'relaxed']",0
['khra'],0
"['worst', 'app', 'ever']",0
"['last', 'update', 'application', 'works', 'vodafone', 'data', 'mobile', 'although', 'working', 'wifi', 'data', 'mobile']",1
"['last', 'update', 'bad', 'disappointed', 'requires', 'relogin', 'every', 'time']",1
"['good', 'blush']",0
"['dsl', 'option', 'isnt', 'working', 'white', 'screen']",1
['thief'],1
['prince'],0
"['worst', 'application', 'ever', 'working', 'almost', '8', 'months']",1
"['app', 'worst', 'app', 'ever', 'seen']",0
['helpful'],0
"['black', 'list', 'service', 'work']",1
['reliable'],0
"['lots', 'errors', 'bugs']",1
"['last', 'update', 'bad', 'add', 'accounts']",1
['fine'],0
['useful'],0
"['obvious', 'app', 'needs', 'clear', 'show', 'information']",1
"['worst', 'app', 'ever', 'lma', 'anto', 'msh', '3arfen', 't3mlo', 'options', 'vodafone', 'cash', 'ttnafez', 'bt3mloha', 'lih', 'wala', 'bt3mlo', 'app', 'lih', 'malosh', 'ay', 'lazma']",1
"['sweat', 'smile', 'satisfied', 'grin', 'smile', 'grin', 'sweat', 'smile', 'sweat', 'smile']",0
"['useful', 'service']",0
['good'],0
"['earth', 'africa', 'black', 'heart']",0
"['bad', 'app', 'service', 'customer', 'service', 'worst', 'literally', 'zero', 'help', 'buy', 'minutes', 'app', 'never', 'work', 'still', 'uses', 'credit', 'better', 'work', 'another', 'company']",1
['yeb'],0
['exilant'],0
['keda'],0
"['white', 'check', 'mark', 'white', 'check', 'mark', 'white', 'check', 'mark', 'white', 'check', 'mark', 'white', 'check', 'mark', 'white', 'check', 'mark', 'white', 'check', 'mark', 'white', 'check', 'mark', 'white', 'check', 'mark', 'white', 'check', 'mark', 'white', 'check', 'mark', 'white', 'check', 'mark', 'white', 'check', 'mark', 'white', 'check', 'mark', 'white', 'check', 'mark', 'white', 'check', 'mark', 'white', 'check', 'mark', 'white', 'check', 'mark', 'white', 'check', 'mark', 'white', 'check', 'mark', 'white', 'check', 'mark', 'white', 'check', 'mark', 'white', 'check', 'mark', 'white', 'check', 'mark', 'white', 'check', 'mark', 'white', 'check', 'mark', 'white', 'check', 'mark', 'white', 'check', 'mark', 'white', 'check', 'mark', 'white', 'check', 'mark']",0
"['nice', 'app', 'user', 'friendly', 'app', 'control', 'mobile', 'services', 'dsl', 'service', 'vf', 'cash']",0
"['satisfied', 'app', 'always', 'slow', 'effecient']",1
"['pinching', 'hand', 'thumbsup', 'emoji', 'modifier', 'fitzpatrick', 'type', '3']",0
"['great', 'app', 'company', 'heart']",0
"['excellent', 'thumbsup']",0
['wave'],0
"['app', 'slowhas', 'amulfunction']",1
"['bad', 'app', 'poor', 'functions']",0
"['nice', 'experience', 'eady', 'use']",0
"['helpful', 'simple']",0
"['saving', 'time', 'easy', 'one', 'use']",0
['kk'],0
"['call', 'hand', 'emoji', 'modifier', 'fitzpatrick', 'type', '1', '2', 'fire', 'heart']",0
"['great', 'app', 'easy', 'use']",0
['well'],0
"['good', 'transfer', 'money', 'dsl', 'internet', 'page', 'open']",1
['smirk'],0
"['bad', 'bad']",0
"['hand', 'ok', 'hand', 'slightly', 'smiling', 'face', 'heartbeat', 'heartbeat', 'heartbeat']",0
"['cant', 'recharge', 'via', 'credit', 'card']",1
['thumbsdown'],0
"['bad', 'application', 'thumbsdown']",0
['thz'],0
['bien'],0
"['two', 'hearts', 'two', 'hearts', 'two', 'hearts', 'two', 'hearts']",0
"['monitoring', 'consumption', 'paying', 'vodafone', 'billsetc', 'useful', 'app']",0
"['errors', 'errors', 'errors']",1
"['app', 'bot', 'compatible', 'bigger', 'fonts', 'elder', 'people', 'sign', 'button', 'seen', 'please', 'fix']",1
['tada'],0
"['want', 'unlimited', 'internet']",1
"['service', 'egyptian', 'connection', 'services', 'expensive', 'european', 'ones', 'also', 'take', 'consideration', 'low', 'salary', 'situations', 'application', 'works', 'decently', 'well', 'otherwise', 'thank', 'reading']",1
"['disabled', 'chats', 'customer', 'service', 'representatives', 'general', 'vodafone', 'fraudulent', 'company', 'steels', 'offers', 'services']",1
['bad'],0
['smiley'],0
"['user', 'friendly', 'app']",0
"['close', 'money', 'cards', 'online']",1
"['bad', 'app']",0
"['need', 'effort', 'top']",0
['zero'],0
['bugs'],1
['vove'],0
"['see', 'etisalat', 'manage']",0
"['japanese', 'ogre', 'reversed', 'hand', 'middle', 'finger', 'extended', 'japanese', 'ogre']",0
"['good', 'offers', 'month', 'times', 'didnt', 'give', 'thing']",1
"['bad', 'quality', '00']",0
['reasonable'],0
"['awesome', 'ok', 'hand']",0
"['vary', 'good']",0
"['nauseated', 'face']",0
"['agood', 'app']",0
"['extremely', 'stupid', 'app']",0
['gf4f'],0
['sh'],0
['done'],0
"['app', 'bad', 'pensive']",0
['helpful'],0
"['stupid', 'app', 'crazy', 'app']",0
['good'],0
"['bgd', 'to7faa', 'gedn', 'gedn']",0
"['app', 'bad', 'try', 'top', 'money', 'goes', 'bank', 'vodafone', 'put', 'hold', 'one', 'helping', 'call', 'center', 'store']",1
['a7a'],0
['xx'],0
"['arrow', 'arrow', 'arrow', 'arrow', 'arrow', 'arrow', 'arrow', 'arrow', 'arrow', 'arrow', 'arrow', 'arrow', 'arrow']",0
"['bad', 'signal']",1
"['soo', 'heloful', 'love']",0
['point'],0
"['bad', 'vodafone', 'ecash', 'customer', 'service', 'unbelievable']",1
"['easy', 'know']",0
"['programme', 'keeps', 'logging', 'new', 'update']",0
"['ana', 'vodafone', 'muscle', 'muscle']",0
['red'],0
"['heartbeat', 'heartbeat']",0
"['lagging', 'deceiving']",1
['ok1'],0
"['need', 'improvements', 'cash', 'services']",1
"['star2', 'star2', 'star2', 'star2', 'star2']",0
"['peace', 'cake']",0
"['cant', 'login', 'update']",1
"['helpful', 'app']",0
"['application', 'basic', 'needs', 'lot', 'improvement', 'already', 'gave', 'suggestions', 'seems', 'welling', 'invest', 'one', 'tricks', 'using', 'app', 'working', 'wifi', 'insist', 'use', 'mobile', 'data', 'chance', 'steal', 'credit', 'claiming', 'background', 'applications', 'consuming', 'data']",1
"['payments', 'work', 'anymore', 'whenever', 'try', 'submit', 'payment', 'page', 'times', 'otp', 'send', 'thus', 'leaving', 'stupid', 'problem', 'pending', 'submission', 'fix', 'ffs']",1
"['impressive', 'app']",0
"['showing', 'real', 'consumption']",1
"['422016', 'till', 'didnt', 'find', 'solution', 'problem', 'useless', 'app', 'thing', 'think', 'right', 'great', 'vodafone', 'team', 'useing', 'professional', 'developers', 'serve', 'clients', 'shame', 'vodafone', 'give', 'less', 'star', 'would', 'pleasure']",1
"['app', 'useless']",0
"['bad', 'like', 'vodafone', 'services']",0
"['update', 'january', 'yet']",1
"['app', 'amazing', 'keeps', 'updated', 'new', 'offers', 'helps', 'control', 'flexs', 'credit', 'issue', 'text', 'customer', 'service', 'get', 'sorted']",0
['fabulous'],0
"['bad', 'app', 'bad', 'service']",0
['giod'],0
['tulip'],0
"['orange', 'heart', 'orange', 'heart']",0
"['good', 'need', 'improvement']",1
"['clap', 'emoji', 'modifier', 'fitzpatrick', 'type', '3', 'clap', 'emoji', 'modifier', 'fitzpatrick', 'type', '3']",0
['best'],0
['badd'],0
"['visit', 'store', 'waste', 'time']",1
"['transactions', 'requiring', 'otp', 'like', 'recharging', 'adding', 'new', 'card', 'failing', 'otp', 'step', 'like', 'least', 'days', 'receive', 'error']",1
"['incredible', 'company', 'awesome', 'experience']",0
['kois'],0
['helpful'],0
"['soo', 'cool', 'love']",0
"['application', 'logged', 'login', 'keeps', 'crashing']",1
['sunglasses'],0
"['usefull', 'heart']",0
"['terrible', 'enough']",0
['woww'],0
"['works', '3g']",1
[],0
"['thanks', 'vodafone']",0
"['good', 'requires', 'login', 'details', 'several', 'times', 'last', 'update']",1
['liar'],0
['relaxed'],0
"['cant', 'find', 'yor', 'benefits', 'button', 'see', 'family', 'members', 'consumption', 'app']",1
"['bad', 'update', 'cant', 'login']",1
"['a1', 'blue', 'heart']",0
['warning'],0
"['poor', 'use']",0
"['great', 'app', 'thanx', 'vodafone']",0
"['heavy', 'check', 'mark', 'ballot', 'box', 'check']",0
"['excellent', 'useful']",0
"['correct', 'name', 'ana', 'kharaa']",0
"['new', 'updates', 'good']",0
"['tow', 'accounts', 'cant', 'login', 'another', 'account', 'slightly', 'smiling', 'face', 'new', 'moon', 'face', 'record', 'opinion', 'second', 'account', 'locked', 'automatic', 'error', 'message', 'contains', 'session', 'expired', 'actually', 'app', 'bad', 'new', 'moon', 'face', 'still', 'feedback', 'bad', 'slightly', 'smiling', 'face']",1
"['professional', 'app']",0
['g'],0
['pour'],0
['goid'],0
"['love', 'vodafone', 'app']",0
['huh'],0
['easy'],0
"['service', 'still', 'bad']",0
"['bad', 'app']",0
['poor'],0
['ss'],0
"['bad', 'smiley']",0
['fast'],0
"['thats', 'good', 'thief']",1
"['update', 'every', 'minute']",1
"['new', 'online', 'chat', 'service', 'helpful']",0
['ass'],0
"['face', 'raised', 'eyebrow', 'face', 'raised', 'eyebrow']",0
"['still', 'strong', 'enough', 'im', 'receiving', 'several', 'sms', 'several', 'free', 'gifts', 'special', 'offers', 'app', 'ana', 'vodafone', 'enter', 'says', 'offers', 'today', 'addition', 'need', 'see', 'data', 'internet', 'remaining', 'minuts', 'sms', 'screen', 'without', 'scrolling']",1
"['upside', 'face']",0
"['vodafone', 'egypt', 'bad', 'customer', 'service']",1
"['good', 'blush']",0
['poor'],0
"['cant', 'login', 'usb', 'data', 'number', 'contacted', 'support', 'couldnt', 'help', 'app', 'keeps', 'loging', 'accouns', 'sais', 'open', 'upto', '5', 'accounts', 'works', '2', 'vodafone', 'cash', 'working', 'app', 'every', 'time', 'try', 'use', 'wallet', 'app', 'get', 'errors', 'annoying', 'frustrating', 'rage', 'rage', 'angry']",1
"['love', 'heart']",0
"['trash', 'app', 'cant', 'even', 'login']",1
"['good', 'logout', 'many', 'times']",1
"['broken', 'full', 'bugs', 'checking', 'dsl', 'balance', 'quota', 'left', 'broken', 'months', 'without', 'fix', 'ti', 'shows', 'unclickable', 'buttons', 'buy', 'intrrnet', 'speeds', 'x', 'even', 'though', 'already', 'even', 'used', 'work', 'lol', 'even', 'link', 'sent', 'doesnt', 'work', 'heck', 'link', 'damn', 'sketchy', 'domain', 'vodafone', 'domain', 'ssl', 'certified', 'thus', 'secure']",1
"['dsl', 'working']",1
"['problem', 'query', 'dsl', 'info', 'doesnt', 'open']",1
"['cant', 'login', 'account', 'app', 'pad']",1
"['best', 'cash', 'app']",0
['giu7'],0
"['excellent', 'app', 'best', 'service', 'thanks', 'blush']",0
"['good', 'app', 'offers']",0
['bb'],0
['love'],0
"['easy', 'helpful']",0
['tmat'],0
"['cherry', 'blossom']",0
"['bad', 'anguished']",0
"['dsl', 'customer', 'service', 'becomes', 'worse', 'worse', 'time', 'dont', 'let', 'talk', 'human', 'since', '3', 'days', 'cant', 'renew', 'dsl', 'package', 'errors', 'l', 'systems', 'ava', 'vodafone', 'app', 'call', '2828', '2828', 'customers', 'services', 'channels', 'crashed', 'dont', 'help', 'anyway', 'app', 'always', 'show', 'charging', 'rate', 'till', 'satisfie', 'long', 'time']",1
['bad'],0
['yh'],0
"['accepted', 'update', 'neutral', 'face']",0
['like'],0
"['cant', 'open', 'app']",1
"['always', 'network', 'problem', 'everything', 'try', 'recharge', 'home', 'dsl', 'flex', 'atm', 'cant', 'first', 'always', 'face', 'technical', 'prob']",1
"['always', 'ask', '3g', 'always', 'showing', 'error', 'message', 'try']",1
"['cant', 'use']",1
"['working', 'bad', 'update']",1
[],0
"['woozy', 'face']",0
['good'],0
"['version', 'doesnt', 'work', 'properly', 'error', 'paying', 'dsl', 'recharge', 'palance', 'may', 'bank', 'card', 'vodafone', 'cach', 'even', 'though', 'seen', 'vodafone', 'cach', 'account']",1
"['last', 'update', 'needs', 'improvements', 'simply', 'cant', 'recharge', 'account']",1
"['cat', 'face', 'cat', 'face', 'cat', 'face', 'cat', 'face', 'cat', 'face']",0
"['bad', 'company', 'specially', 'mobile', 'internet', 'stolen', '3gb', '15', 'minutes', 'pray']",1
['bbj'],0
['fa'],0
['ex'],0
"['bad', 'thumbsdown']",0
"['vodafone', 'cash', 'service', 'included']",0
"['gem', 'white', 'heart', 'white', 'heart', 'white', 'heart']",0
"['bad', 'software', 'many', 'problems', 'logs', 'every', 'time', 'switch', 'connection', 'wifi']",1
"['cant', 'show', 'info', 'dsl', 'nothing', 'happen', 'press', 'vodafone', 'dsl']",1
"['hope', 'flexibility', 'app']",1
"['excellent', 'app', 'nice', 'services']",0
['vg'],0
"['problem', 'querying', 'consumption', 'dsl']",1
['bad'],0
"['thanks', 'alot']",0
"['tried', 'recharge', 'dsl', 'quota', 'using', 'app', 'gives', 'error', 'message', 'oops', 'sometimes', 'went', 'wrong', 'please', 'try', 'latter', 'error', 'lasts', 'past', '2', 'weeks', 'unacceptable', 'bothering']",1
"['god', 'app']",0
"['easy', 'useful', 'app']",0
"['first', 'time', 'great', 'cant', 'follow', 'dsl', 'consumption', 'cant', 'recharge', 'removed', 'app', 'installed', 'issue']",1
['vgood'],0
['helpfull'],0
['like'],0
"['excellent', 'blush', 'thumbsup']",0
['execllent'],0
"['always', 'login', 'frown', 'sad', 'andry', 'pouting']",1
"['big', 'problem', 'ana', 'vodafone', 'application', 'dsl', 'working', 'remaining', 'giga', 'date', 'renewal', 'option', 'try', 'many', 'times', 'delete', 'redownload', 'still', 'results']",1
"['great', 'programme']",0
"['hope', 'charging', 'vodafone', 'cash', 'directly', 'credit', 'cards', 'available', 'charging', 'mobile', 'balance', 'update', 'unstable', 'last', 'updating', 'asking', 'login', 'connect', 'disconnect', 'wifi', 'network', 'update', 'application', 'problem', 'completing', 'last', 'updating']",1
['tmam'],0
"['still', 'satisfied']",0
"['see', 'evil']",0
['nis'],0
['vv'],0
['exlant'],0
"['amazing', 'update', 'easy', 'use']",0
"['kiss', 'mark', 'kiss', 'mark']",0
"['give', '500egp', 'cuz', 'rate', '5stars']",0
[],0
"['face', 'symbols', 'mouth', 'face', 'symbols', 'mouth', 'face', 'symbols', 'mouth', 'face', 'symbols', 'mouth', 'face', 'symbols', 'mouth', 'still', 'suck']",0
"['soo', 'poor', 'service']",1
['woe'],0
"['amazing', 'sparkles', 'sparkles', 'sparkles']",0
"['thanks', 'ana', 'vodafone', 'plz', 'make', 'work', 'line']",1
"['buggy', 'almost', 'nonfunctional']",1
"['thats', 'soo', 'nice']",0
"['didnt', 'work', 'app', 'open', 'cant', 'login', 'tell', 'oops', 'looks', 'like', 'something', 'went', 'wrong', 'please', 'try', 'later', 'help', 'sim', '2', 'day', 'iam', 'new', 'customer', 'frown', 'sad', 'andry', 'pouting']",1
['exlent'],0
"['bad', 'always', 'hanging']",1
['wow'],0
['gog'],0
"['good', 'good', 'good', 'nice']",0
"['app', 'doesnt', 'work', 'despite', 'reinstalling']",1
"['amazing', 'starstruck']",0
"['awful', 'laggy', 'battery', 'killer']",1
"['nice', 'app', 'good', 'idea', 'need', 'vodafone']",0
"['oops', 'something', 'went', 'wrong', 'please', 'try', 'later']",1
"['expressionless', 'expressionless']",0
"['may', 'give', 'u', '200', 'g']",0
"['stuck', 'tongue', 'closed', 'eyes']",0
"['hibiscus', 'yellow', 'heart']",0
"['recommended', 'download']",0
"['extremely', 'bad', 'never', 'shows', 'dsl', 'consumed', 'gigabytes', 'despite', 'downloading', 'app', 'many', 'times']",1
"['app', 'didnt', 'work', 'last', 'update']",1
"['app', 'great', 'lot', 'issues', 'one', 'issue', 'profiles', 'say', 'cant', '3', 'profiles', 'literrally', '30', '10', 'profile', 'didnt', 'patch', 'month', 'guys', 'make', 'update', 'fix', 'something', 'mess', 'another', 'thing']",1
"['good', 'easy', 'application']",0
['tophat'],0
"['accessible', 'time', 'effective', 'help', 'monitor', 'bundle', 'easily']",0
"['latest', 'update', 'didnt', 'come', 'new', 'options', 'unfortunately', 'alot', 'issues', 'logging', 'time', 'sometimes', 'features', 'service', 'hope', 'fix', 'soon', 'possible']",1
"['poor', 'less', '1', 'star', 'would', 'give', 'application']",0
"['bad', 'app', 'dont', 'download']",0
"['redeem', 'offers', 'button', 'never', 'worked', 'even', 'uninstalling', 'reinstalling']",1
"['every', 'thing', 'good']",0
"['ok', 'hand', 'emoji', 'modifier', 'fitzpatrick', 'type', '1', '2']",0
['bad'],0
"['user', 'friendly', 'good', 'charts', 'analytics']",0
"['excellent', 'ok', 'hand']",0
['perfect'],0
"['app', 'doesnt', 'allow', 'pay', 'invoices']",1
"['excellent', 'app', 'kissing', 'heart', 'kissing', 'heart']",0
"['program', 'beautiful', 'money', 'passes', 'marketed']",0
"['bad', 'bad', 'bad']",0
"['eyes', 'eyes']",0
"['doesnt', 'want', 'download']",1
"['got', 'logged', 'accounts', 'cant', 'login', 'saved', 'credentials', 'cant', '2', 'accounts', 'logged', 'switch', 'like', 'used', 'cleared', 'app', 'data', 'uninstalledreinstalled', 'app', 'stay', 'logged', 'one', 'account', 'wanted', 'switch', 'delete', 'existing', 'account', 'login', 'one', 'autofill', 'tried', 'add', 'account', 'autofill', 'manually', 'input', 'forms', 'disappear', 'im', 'back', 'previous', 'accounts', 'screen', 'one', 'account', 'used', 'working', 'functionality', 'messed', 'please', 'forward', 'tech', 'team']",1
"['latest', 'update', 'bad', 'many', 'sections', 'app', 'working', 'says', 'wrong', 'credintials', 'everytime', 'even', 'though']",1
"['open', 'vodafone', 'cash', 'service', 'cause', 'update', 'update', 'application']",1
['hbbh'],0
"['wonderful', 'application', 'useful']",0
['marvelous'],0
"['heart', 'eyes', 'thumbsup']",0
"['bad', 'last', 'update', 'keep', 'asking', 'credentials', 'every', 'time', 'login']",1
"['useful', 'developers', 'keep', 'improving', 'app']",0
['pefect'],0
"['blue', 'heart', 'blue', 'heart', 'blue', 'heart']",0
['eh'],0
['happy'],0
['done'],0
['uu'],0
"['many', 'bugs', 'application', 'didnt', 'work', 'properly', 'many', 'times', 'didnt', 'transactions', 'orders']",1
"['lot', 'problems', 'using', 'app', 'unable', 'recharge', 'change', 'bundle', 'bad']",1
['good'],0
"['super', 'app', 'one', 'best']",0
"['baka', 'bullshi', '100', 'used', 'act', 'hag', 'foda']",1
"['worst', 'application', 'ever']",0
['nk'],0
"['bad', 'made']",0
"['worst', 'ux']",1
"['good', 'app']",0
"['many', 'times']",1
"['yellow', 'heart']",0
['confused'],0
"['worst', 'customer', 'service', 'ever']",0
"['good', 'app', 'experience']",0
"['purfull', 'two', 'hearts']",0
"['bad', 'vodafone', 'cash', 'useless']",1
['wow'],0
"['data', 'always', 'date']",1
"['worst', 'app', 'ever', 'seen', 'wait', 'stand', 'corrected', 'worst', 'app', 'ever', 'created']",0
"['accurate', 'data', 'consumption']",1
['vc'],0
['important'],0
"['person', 'fencing', 'hearts', 'hearts', 'hearts', 'hearts', 'hearts', 'hearts', 'hearts']",0
"['bad', 'customer', 'service', 'bad', 'communication', 'way', 'esclate', 'issue', 'support', 'note', 'im', 'vodafone', 'red', 'get', 'worset', 'cus', 'service']",1
"['application', 'problem', 'ask', 'enter', 'phone', 'number', 'doent', 'help', 'sign', 'try', 'solve', 'issue', 'find', 'way', 'make', 'users', 'find', 'app', 'better']",1
"['trash', 'app']",0
"['many', 'bugs']",1
"['love', 'u']",0
['ggbb'],0
"['exlant', 'app']",0
['good'],0
"['excellent', 'thumbsup']",0
"['useful', 'app', 'thanks', 'vodafone', 'hearts', 'hearts', 'hearts']",0
"['thanks', 'vf']",0
"['app', 'make', 'log', 'automatically', 'try', 'open', 'app', 'keeps', 'close', 'two', 'seconds', 'broken']",1
"['wonderful', 'useful', 'app', 'hope', 'develop', 'keep', 'pace', 'surpass', 'rest', 'network', 'apps', 'terms', 'feature', 'gifts']",0
"['program', 'good']",0
"['time', 'working']",1
"['great', 'thumbsup', 'thumbsup', 'blush', 'blush']",0
"['bad', 'experience']",0
"['bad', 'service', 'home', 'internet']",1
"['tomato', 'tomato']",0
['go'],0
"['good', 'good']",0
"['great', 'thumbsup', 'emoji', 'modifier', 'fitzpatrick', 'type', '1', '2', 'usual']",0
"['breaks', 'connection']",1
['useful'],0
"['heart', 'eyes', 'cat']",0
"['reminder', 'ribbon', 'two', 'hearts']",0
['great'],0
"['services', 'white', 'list', 'black', 'list', 'stopped', 'working', 'besides', 'awful', 'network', 'complaining']",1
"['thumbsup', 'thumbsup', 'thumbsup']",0
"['worse', 'app', 'world']",0
"['helps', 'lot', 'makes', 'things', 'easier']",0
"['good', 'really', 'love', 'vodafone', 'heart', 'heart', 'eyes', 'v', 'dancer', 'thumbsup', 'dizzy']",0
['gjg'],0
"['good', 'give', 'need']",0
"['always', 'hang', 'access', 'needs', 'updat', 'refuse', 'update', 'reason']",1
"['im', 'working', 'ana', 'vodafone', 'long', 'time', 'ago', 'im', 'excited', 'experience', 'im', 'getting', 'thing', 'l', 'need']",0
"['hearts', 'rose', 'rose', 'rose']",0
[],0
"['face', 'rolling', 'eyes']",0
['moo'],0
"['vodafone', 'thief', 'company', 'bec', 'balance', 'sim', 'card', 'really', 'bad', 'company']",1
"['lack', 'things']",1
"['card', 'wallet', 'oops', 'service', 'rage', 'rage', 'rage', 'rage', 'face', 'symbols', 'mouth']",1
"['company', 'sure', 'money', 'stealer', 'tracked', 'balance', 'day', 'day', 'took', 'description', 'online', 'gaming', 'thing', 'never', 'use', 'cant', 'even', 'download', 'app', 'playstore', 'close', 'friend', 'freely', 'acces', 'anything', 'sometimes', 'recharge', 'balance', 'didnt', 'even', 'added', 'account', 'dont', 'know', 'hard', 'studying', 'work', 'time', 'responsible', 'refund', 'mistake']",1
['okay'],0
"['poor', 'service']",0
"['put', 'photo', 'application']",1
['good'],0
['v'],0
['slow'],1
"['good', 'relaxed']",0
['fail'],0
"['rubbish', 'crashes', 'time']",1
"['bad', 'app', 'many', 'lags', 'boring', 'un', 'refreshing', 'offers', 'promotions', 'renewables']",1
"['starstruck', 'thumbsup']",0
['oky'],0
['cupid'],0
"['amazing', 'app']",0
"['awful', 'experience', 'stop', 'internet', 'demand', 'automaticly', 'works', 'reason', 'taking', 'balance', 'straight', 'forward', 'theft']",1
"['one', 'best', 'networks', 'egypt', 'also', 'served', 'dsl', 'deserve', '5', 'stars']",0
['ok'],0
['foff'],0
['bad'],0
"['doesnt', 'login', 'cant', 'access', 'vodafone', 'cash', 'app', 'doesnt', 'recognize', 'mobile', 'internet', 'disappointed', 'update', 'provided', 'link', 'latest', 'update', 'doesnt', 'work', 'tried', 'reach', 'messenger', 'noone', 'contact', 'back']",1
['gg'],0
['triumph'],0
['pad'],0
"['open', 'internet', 'pachage', 'app', 'bad', 'service']",1
"['fantastic', 'app']",0
['df'],0
"['dsl', 'subscription', 'details', 'options', 'pay']",1
"['easy', 'app']",0
['joy'],0
"['user', 'friendly', 'neatly', 'designed', 'performing', 'fast', 'well']",0
"['good', 'app', 'thank', 'fodavone']",0
"['nice', 'app', 'easy', 'use', 'icons', 'clear', 'place', 'must', 'search', 'time', 'use', 'app', 'helpful', 'anywa']",1
['ghost'],0
"['thumbsdown', 'thumbsdown', 'thumbsdown', 'thumbsdown', 'thumbsdown', 'thumbsdown']",0
['fact'],0
['banana'],0
['bed'],0
"['love', 'easy', 'use', 'relaxed']",0
"['vodafone', 'one', 'best', 'companies', 'applications', 'dealt', 'problem', 'proving', 'private', 'ownership', 'google', 'play', 'heart', 'thumbsup']",1
['great'],0
['okay'],0
"['sports', 'medal', 'horse', 'racing', 'golfer']",0
['go'],0
"['always', 'pending']",1
"['e', '2']",0
"['slightly', 'smiling', 'face', 'slightly', 'smiling', 'face', 'slightly', 'smiling', 'face']",0
['lovely'],0
['flow'],0
"['shit', 'shit', 'shit', 'shit', 'shit']",0
['verygood'],0
"['worst', 'ever', 'app', 'keeps', 'crushing', 'even', 'reinstalling', 'one', 'month', 'keeps', 'nothing', 'crushes', 'even', 'customer', 'service', 'branches', 'cant', 'help']",1
"['working', 'white', 'frowning', 'face']",1
"['lots', 'bugs', 'app']",1
"['good', 'application']",0
"['close', 'automatically', 'open']",1
"['bad', 'balance', 'theft', 'service']",1
['point'],0
['mm'],0
"['nice', 'thumbsup']",0
['hdd'],0
['gamed'],0
[],0
['goog'],0
"['got', 'lot', 'better', 'thumbsup']",0
"['doesnt', 'work', 'well', 'sometimes', 'stops', 'message', 'cant', 'come', 'later', 'also', 'hard', 'refresh', 'make', 'date', 'cant', 'know', 'balance', 'well', 'also', 'cant', 'know', 'flex', 'going', 'advertisement', 'gain', '1', 'gbyte', 'fake', 'foolish', 'app']",1
"['problem', 'adding', 'new', 'credit', 'card', 'iserted', 'infos', 'got', 'error']",1
"['pleading', 'face', 'pleading', 'face', 'heart', 'heart', 'heart', 'heart']",0
"['good', 'function', 'need', 'add', 'away', 'create', 'otp']",1
"['much', 'good', 'app', 'thanks']",0
"['good', 'app', 'heart', 'heart']",0
"['bad', 'network']",1
"['doesnt', 'show', 'plan', 'usage']",1
"['good', 'need', 'options']",1
"['white', 'list', 'time', 'range', 'working', 'forces', 'activate', 'white', 'list', 'service', '24', 'hours', 'whenever', 'try', 'change', 'time', 'says', 'done', 'without', 'thing', 'changed', 'whenever', 'anyone', 'calls', 'service', 'cant', 'change', 'time', 'etisalat', 'app', 'way', 'better', 'actually', 'never', 'issues', 'glitches']",1
['dope'],0
['fool'],0
"['bs', 'organization']",0
['nice'],0
"['best', 'hearts', 'rose']",0
['fool'],0
['wwo'],0
"['hard', 'use']",0
"['buggiest', 'app', 'ever']",1
['useful'],0
['weak'],0
['uq'],0
"['lot', 'troubles', 'always']",1
"['shity', 'customer', 'service']",1
"['loginto', 'account', 'uninstall', 'installed', '3', 'times', 'customer', 'service', 'help']",1
"['bad', 'app', 'glitch', 'every', 'time', 'open', 'closes']",1
"['cant', 'login']",1
"['keeps', 'logging']",1
"['useful', 'application']",0
"['access', 'account', 'data']",0
"['cant', 'log', 'app', 'please', 'fix', 'problem']",1
"['boom', 'boom']",0
['nice'],0
"['thinking', 'face']",0
"['looking', 'good']",0
"['app', 'instantly', 'crash', 'opening']",1
"['times', 'get']",1
"['dsl', 'wallet', 'working']",1
"['refresh', 'wonder', 'big', 'company', 'initiate', 'good', 'app']",1
"['sorry', 'giving', '5', 'stars', 'tried', 'weird', 'helpful', 'app']",0
"['app', 'vgood', 'service', 'coverage', 'many', 'areas', 'dont', 'know', 'happened', 'ur', 'service', 'standard', 'least']",1
"['revolving', 'hearts']",0
"['bad', 'app']",0
"['exeter', 'wow']",0
"['worst', 'connection', 'network', 'company']",1
"['bad', 'new', 'update', 'buggy', 'removed']",1
"['useful', 'thumbsup']",0
"['thank', 'vodafone']",0
"['bad', 'experience', 'sharper', 'promised', 'upgraded', 'app', '400', 'mb', 'hot', 'nothing', 'shame', 'vodafone', 'strongest', 'telecommunication', 'company', 'whole', 'world', 'hahaha', 'shame', 'well', 'wan', 'na', 'know', 'balance', 'kart', 'el', 'mard', 'even', 'showing', 'app', 'would', 'possible', 'offering', 'service', 'supporting', 'like', 'shame']",1
"['app', 'good', 'easy']",0
"['money', 'mouth', 'face']",0
['ramz'],0
"['good', 'luck']",0
['love'],0
"['new', 'important', 'note', 'internet', 'consumption', 'mobile', 'date', 'totally', 'wrong', 'dsl', 'service', 'could', 'use', '10gb', 'per', 'session', 'internet', 'package', 'less', '2gb', 'please', 'check', 'service', 'fix', 'asap', 'thanks', 'slightly', 'smiling', 'face', 'old', 'comment', 'application', 'became', 'helpful', 'includes', '9599', 'vodafone', 'services', 'user', 'might', 'need', 'wont', 'need', 'call', 'cs', 'time', 'save', 'time', 'money', 'good', 'job', 'guys', 'keep', 'clap', 'slightly', 'smiling', 'face']",1
['amxa'],0
['baf'],0
"['app', 'doesnt', 'even', 'open', 'whats', 'use', 'wont', 'even', 'open', 'super', 'helpful']",1
['kod'],0
"['heavy', 'heart', 'exclamation', 'mark', 'ornament', 'heavy', 'heart', 'exclamation', 'mark', 'ornament']",0
"['im', 'able', 'use', 'dsl', 'feature', 'tried', 'update', 'uninstall', 'install', 'back', 'still', 'gives', 'errors']",1
"['useful', 'app', 'easy', 'use']",0
"['worst', 'update', 'ever', 'update', 'full', 'bugs', 'login', 'time']",1
"['app', 'doesnt', 'work', 'many', 'issues', 'trying', 'login', 'password', 'says', 'looks', 'like', 'something', 'wrong', 'please', 'try', 'later', 'tried', 'reset', 'many', 'times', 'working', 'login', 'browser', 'successful', 'loged', 'app', 'doesnt', 'want', 'use', 'vf', 'cash', 'requires', 'app']",1
"['kissing', 'heart', 'kissing', 'heart']",0
"['love', 'please', 'give', 'free', 'giga']",1
['awful'],0
"['worst', 'company', 'world']",1
"['great', 'helpful', 'rose']",0
"['awfull', 'app', 'always', 'get', 'lost', 'bad', 'ux']",1
"['useless', 'roaming', 'refuses', 'login']",1
"['even', 'one', 'star', 'high', 'evaluation', 'example', 'value', 'charge', 'lost', 'expired', 'ene', 'day', 'ie', 'bad', 'service', 'unonest', 'service']",1
"['useful', 'easy', 'use', 'easy', 'transfere', 'money']",0
"['buggy', 'transactions', 'keep', 'failing', 'error', 'handling', 'super', 'bad', 'api', 'calls', 'super', 'slow', 'dont', 'recommend', 'update', 'still', 'applies', 'along', '230le', 'taken', 'debit', 'card', 'across', 'week', 'doesnt', 'show', 'app', 'transactions', 'customer', 'service', '0', 'help', 'even', 'didnt', 'believe', 'although', 'kept', 'insisting', 'transaction', 'numbers', 'keep', 'proving', 'service', 'keep', 'getting', 'worse', 'fake', 'high', 'reviews']",1
['crash'],1
"['good', 'useful', 'pray', 'pray', 'pray']",0
"['slow', 'application', 'doesnt', 'execute', 'function', 'almost', '2', 'months']",1
"['dsl', 'doesnt', 'work']",1
"['professional', 'app', 'thanks', 'support', 'services']",0
['naic'],0
"['good', 'easy']",0
['nice'],0
['thieves'],1
"['nice', 'app']",0
"['v', 'thumbsup']",0
"['work', 'effectiently', 'give', 'many', 'times', 'error', 'used', 'gradually', 'decrease', 'quality', 'bad', 'rude', 'customer', 'services']",1
"['working', 'many', 'times']",1
"['bad', 'service', 'also', 'customer', 'service', 'understand', 'system', 'thumbsdown', 'thumbsdown', 'thumbsdown']",0
['bas'],0
['like'],0
['sick'],0
"['app', 'longer', 'compatible', 'device', 'used', 'work', 'really', 'well']",1
['pro'],0
"['app', 'crash', 'always', 'many', 'features', 'stopped', 'solve', 'problems', 'give', 'u', '5', 'stars']",1
['super'],0
['awesome'],0
"['great', 'app', 'things', 'simple', 'touch', 'takeoff', 'moon']",0
"['wonderful', 'wonderful']",0
"['upset', 'couldnt', 'use', 'points', 'although', 'remaining', '5', 'days', 'pay', 'invoice']",1
"['idont', 'know', 'inspit', 'modern', 'technologyit', 'still', 'poor', 'service', 'technical']",0
"['verey', 'bad', 'update', 'cant', 'join']",1
['accurate'],1
"['information', 'vodafone']",0
"['bad', 'dsl', 'information']",1
['baad'],0
"['fix', 'issue', 'please', 'good', 'app', 'alot', 'errors', 'make', 'lose', 'credit']",1
"['crescent', 'moon', 'crescent', 'moon']",0
['horrible'],0
"['bad', 'thumbsdown']",0
['rae3'],0
"['nice', 'app']",0
"['v', 'g']",0
"['god', 'thumbsup']",0
"['sparkles', 'sparkles', 'sparkles', 'sparkles', 'sparkles']",0
"['soo', 'baad']",0
"['time', 'errorsworks', 'vodafone', 'data', 'ugly', 'app']",1
['none'],0
"['bad', 'thumbsdown', 'useless', 'dsl', 'working', 'confused']",1
"['set', 'photo', 'profile', 'ana', 'vodafone', 'app']",0
"['heart', 'decoration', 'heart', 'decoration', 'purple', 'heart']",0
"['excellent', 'app', 'thumbsup', 'thumbsup']",0
"['good', 'app', 'heart']",0
"['application', 'useful', 'like']",0
"['good', 'feature', 'vodafone', 'cash', 'transactions', 'record']",1
"['good', 'app']",0
"['keeps', 'telling', 'transaction', 'failed', 'everytime', 'want', 'recharge']",1
"['doesnt', 'work', 'dsl', 'plan', 'need', 'updates', 'fix', 'problem']",1
"['bad', 'keeps', 'close']",1
"['personal', 'experience', 'app', 'good', 'save', 'time', 'effort', 'regarding', 'calling', 'call', 'center', 'previous', 'keep', 'good', 'work', 'waiting', 'always', 'thank', 'vodafone', 'best', 'regional', 'indicator', 'e', 'regional', 'indicator', 'g', 'egypt']",0
['suck'],0
['yaas'],0
"['glorious', 'app', 'used', 'ever', 'thank', 'best', 'application', 'developed', 'dont', 'forget', 'improving']",0
['amazing'],0
"['good', 'service']",0
['comment'],0
"['new', 'update', 'massed', 'every', 'time', 'try', 'loge', 'says', 'invalid', 'credentials', 'even', 'though', 'correct', 'sometimes', 'loges', 'sometimes', 'tried', 'using', 'data', 'wifi', 'still', 'issue', 'happened', 'update']",1
"['sunny', 'star2']",0
"['thats', 'good', 'app', 'help', 'organize', 'sim', 'card', 'useful', 'hope', 'items', 'make', 'perfect', 'app']",0
"['told', 'gift', 'app', 'simply', 'scam']",1
"['amazing', 'app']",0
['good'],0
['zft'],0
"['easy', 'navigate']",0
['woow'],0
['tt'],0
"['dont', 'login', 'without', 'mobile', 'data']",1
"['good', 'thanks']",0
"['useful', 'easy', 'use']",0
"['yum', 'yellow', 'heart']",0
"['disappointed', 'relieved']",0
"['amazing', 'application', 'highly', 'recommend', 'ok', 'hand', 'thumbsup']",0
['badd'],0
['omg'],0
['thnx'],0
"['good', 'improvements', 'far', 'wish', 'give', 'free', 'gifts', 'offers', 'especially', 'free', 'megabytes', 'promo', 'codes', 'ill', 'give', '3', 'stars']",1
"['last', 'update', 'bad', 'cant', 'recharge', 'dsl', 'balance', 'app', 'also', 'try', 'chat', 'us', 'app', 'please', 'solve', 'soon', 'pray']",1
"['dark', 'situation', 'lacks', 'rest', 'eye']",1
['gut'],0
"['good', 'app', 'hope', 'progress', 'vodafone', 'thanks']",0
"['good', 'thumbsup']",0
"['awesomeeasy', 'use']",0
['mm'],0
['bs'],0
"['crashes', 'lot']",1
"['answers', 'many', 'questions', 'professional', 'online', 'customer', 'service']",1
"['updating', 'latest', 'version', 'stopped', 'logging', 'using', 'mobile', 'number']",1
"['poor', 'service']",0
"['egg2', 'egg2']",0
"['useful', 'control', 'monitor', 'everything', 'accountfamily', 'members', 'dslbillupdates', 'concerning', 'vodafone']",0
['joy'],0
"['bb', 'mask', 'pure', 'first', 'cant', 'recharge', 'v', 'cash', 'credit', 'card', 'without', 'internet', 'bundle', 'blank', 'page', 'paying', 'vf', 'nt', 'failed', 'either', 'keep', 'saying', 'retry', 'later', 'many', 'times', 'add', 'credit', 'info']",1
"['good', 'lag']",1
"['perfect', 'every', 'detail', 'thanks', 'vodafone', 'great', 'experience']",0
"['great', 'app']",0
['goo'],0
['araf'],0
"['helpful', 'app', 'give', 'lot', 'solutions', 'like']",0
"['easy', 'use']",0
"['bad', 'cant', 'recharge', 'vodafone', 'cash', 'credit', 'card']",1
['good'],0
['grinning'],0
"['app', 'keep', 'crushing']",1
"['wherever', 'send', 'promotions', 'never', 'works']",1
"['100', '100']",0
"['excellent', 'professional']",0
"['pathetic', 'app', 'comment', 'comes', 'one', 'day', 'experience', 'three', 'years', 'experience', 'useless', 'app', 'one', 'check', 'simple', 'things', 'like', 'minutes', 'data', 'consumed', 'remaining', 'recharging', 'phone', 'dsl', 'message', 'appears', 'already', 'request', 'pending', 'cant', 'process', 'garbage', 'app', 'service', 'ever', 'used', 'life', 'gutter', 'award', 'goes', 'vodafone', 'ana', 'vodafone', 'shame']",1
"['support', 'using', 'meeza', 'visa', 'cards', 'unlike', 'many', 'apps']",1
"['bad', 'stable']",1
"['bad', 'update']",1
"['vodafone', 'cash', 'services', 'sometimes', 'doesnt', 'work']",1
['punch'],0
['nice'],0
[],0
"['still', 'working', 'thumbsdown', 'emoji', 'modifier', 'fitzpatrick', 'type', '4']",1
['fak'],0
"['expensive', 'internet', 'bad', 'already', 'gave', 'review', 'feedback', 'hell', 'u', 'still', 'nagging', 'give', 'review', 'everytime', 'open', 'app', 'u', 'say', 'review', 'us', 'already', 'didd', 'still', 'bad', 'app', 'bad', 'service', 'bad', 'connection', 'improvement', 'ever', 'cheaper', 'europe', 'service', 'dont', 'know', 'expensive', 'europe', 'u', 'basing', 'payment', 'pay']",1
"['update', 'absolute', 'shtt']",1
"['bad', 'network', 'egypt']",1
